<?xml version="1.0"?>
<doc>
    <assembly>
        <name>Addons.Api</name>
    </assembly>
    <members>
        <member name="T:Addons.Api.BackgroundJobs.ScrapeWorker">
            <summary>
            Background service that performs scheduled scraping of addon data.
            </summary>
        </member>
        <member name="M:Addons.Api.BackgroundJobs.ScrapeWorker.#ctor(System.IServiceProvider,Microsoft.Extensions.Logging.ILogger{Addons.Api.BackgroundJobs.ScrapeWorker})">
            <summary>
            Initializes a new instance of the ScrapeWorker.
            </summary>
            <param name="serviceProvider">The service provider for creating scoped services.</param>
            <param name="logger">The logger instance.</param>
        </member>
        <member name="M:Addons.Api.BackgroundJobs.ScrapeWorker.ExecuteAsync(System.Threading.CancellationToken)">
            <summary>
            Executes the background service.
            </summary>
            <param name="stoppingToken">Cancellation token to stop the service.</param>
        </member>
        <member name="M:Addons.Api.BackgroundJobs.ScrapeWorker.PerformScrapeAsync(System.Threading.CancellationToken)">
            <summary>
            Performs the scraping operation using scoped services.
            </summary>
            <param name="cancellationToken">Cancellation token.</param>
        </member>
        <member name="M:Addons.Api.BackgroundJobs.ScrapeWorker.WaitUntilNextHour(System.Threading.CancellationToken)">
            <summary>
            Waits until the top of the next hour before starting the first scrape.
            </summary>
            <param name="cancellationToken">Cancellation token.</param>
        </member>
        <member name="M:Addons.Api.BackgroundJobs.ScrapeWorker.TriggerManualScrapeAsync(System.Threading.CancellationToken)">
            <summary>
            Triggers a manual scrape operation (for testing or manual refresh).
            </summary>
            <param name="cancellationToken">Cancellation token.</param>
            <returns>A task representing the scrape operation.</returns>
        </member>
        <member name="T:Addons.Api.Controllers.AddonsController">
            <summary>
            Controller for managing scenery addons.
            </summary>
        </member>
        <member name="M:Addons.Api.Controllers.AddonsController.GetAddons(Addons.Api.Models.AddonsListRequest,System.Threading.CancellationToken)">
            <summary>
            Get all addons with pagination, filtering, and sorting.
            </summary>
            <param name="request">The request parameters for listing addons</param>
            <param name="cancellationToken">Cancellation token</param>
            <returns>List of addons or table format based on request</returns>
            <response code="200">Returns the list of addons</response>
            <response code="400">If the request parameters are invalid</response>
        </member>
        <member name="M:Addons.Api.Controllers.AddonsController.GetLatestAddons(System.Int32,System.Threading.CancellationToken)">
            <summary>
            Get the latest addons (most recently added).
            </summary>
            <param name="count">Number of latest addons to retrieve (default: 10, max: 50)</param>
            <param name="cancellationToken">Cancellation token</param>
            <returns>List of latest addons</returns>
            <response code="200">Returns the latest addons</response>
            <response code="400">If the count parameter is invalid</response>
        </member>
        <member name="M:Addons.Api.Controllers.AddonsController.GetCompatibility(System.String)">
            <summary>
            Get addon compatibility information by filename.
            </summary>
            <param name="fileName">The filename of the addon</param>
            <returns>Compatibility information for the addon</returns>
            <response code="200">Returns the addon compatibility information</response>
            <response code="400">If the filename parameter is missing</response>
            <response code="404">If the addon is not found</response>
        </member>
        <member name="M:Addons.Api.Controllers.AddonsController.GetStats">
            <summary>
            Get addon statistics.
            </summary>
            <returns>Basic statistics about the addon database</returns>
            <response code="200">Returns the addon statistics</response>
        </member>
        <member name="T:Addons.Api.Controllers.HealthController">
            <summary>
            Controller for health check endpoints.
            </summary>
        </member>
        <member name="M:Addons.Api.Controllers.HealthController.GetHealth">
            <summary>
            Health check endpoint.
            </summary>
            <returns>Health status of the API</returns>
            <response code="200">Returns the health status</response>
        </member>
        <member name="T:Addons.Api.Controllers.ReportsController">
            <summary>
            Controller for application reports and status information.
            </summary>
        </member>
        <member name="M:Addons.Api.Controllers.ReportsController.GetStatusReport">
            <summary>
            Get comprehensive application status and addon check report.
            </summary>
            <returns>Detailed application status report</returns>
            <response code="200">Returns the application status report</response>
            <response code="500">Internal server error while generating report</response>
        </member>
        <member name="M:Addons.Api.Controllers.ReportsController.DisplayStatusToConsole">
            <summary>
            Display application status report to console only.
            </summary>
            <returns>Confirmation that report was displayed to console</returns>
            <response code="200">Report displayed to console successfully</response>
            <response code="500">Internal server error while generating report</response>
        </member>
        <member name="T:Addons.Api.Controllers.ScraperController">
            <summary>
            Controller for scraper operations.
            </summary>
        </member>
        <member name="M:Addons.Api.Controllers.ScraperController.TriggerRefresh(System.String)">
            <summary>
            Manually trigger a scrape operation.
            </summary>
            <param name="token">Authentication token from X-Refresh-Token header</param>
            <returns>Result of the scrape operation</returns>
            <response code="200">Scrape operation completed successfully</response>
            <response code="401">Unauthorized - invalid or missing token</response>
            <response code="500">Internal server error during scrape operation</response>
            <response code="501">Not implemented - no refresh token configured</response>
        </member>
        <member name="T:Addons.Api.Extensions.ServiceCollectionExtensions">
            <summary>
            Extension methods for configuring services in the DI container.
            </summary>
        </member>
        <member name="M:Addons.Api.Extensions.ServiceCollectionExtensions.AddMongoDb(Microsoft.Extensions.DependencyInjection.IServiceCollection,Microsoft.Extensions.Configuration.IConfiguration)">
            <summary>
            Configures MongoDB using MongoDB.Entities.
            </summary>
            <param name="services">The service collection.</param>
            <param name="configuration">The application configuration.</param>
            <returns>The service collection for chaining.</returns>
        </member>
        <member name="M:Addons.Api.Extensions.ServiceCollectionExtensions.AddApplicationServices(Microsoft.Extensions.DependencyInjection.IServiceCollection)">
            <summary>
            Configures application services including scraper and background jobs.
            </summary>
            <param name="services">The service collection.</param>
            <returns>The service collection for chaining.</returns>
        </member>
        <member name="T:Addons.Api.Models.Addon">
            <summary>
            Represents a scenery addon with compatibility information.
            </summary>
        </member>
        <member name="P:Addons.Api.Models.Addon.FileName">
            <summary>
            The exact .rar archive filename (unique identifier).
            </summary>
        </member>
        <member name="P:Addons.Api.Models.Addon.Name">
            <summary>
            Full addon title and version.
            </summary>
        </member>
        <member name="P:Addons.Api.Models.Addon.Compatibility">
            <summary>
            Compatibility information - one of: "MSFS 2020", "MSFS 2024", or "MSFS 2020/2024".
            </summary>
        </member>
        <member name="P:Addons.Api.Models.Addon.DateAdded">
            <summary>
            Date when the addon was added to the master list (UTC).
            </summary>
        </member>
        <member name="P:Addons.Api.Models.Addon.LastUpdated">
            <summary>
            Timestamp when this record was last updated (UTC).
            </summary>
        </member>
        <member name="T:Addons.Api.Models.CompatibilityResponse">
            <summary>
            Response model for the compatibility API endpoint.
            </summary>
        </member>
        <member name="P:Addons.Api.Models.CompatibilityResponse.FileName">
            <summary>
            The exact .rar archive filename.
            </summary>
        </member>
        <member name="P:Addons.Api.Models.CompatibilityResponse.Compatibility">
            <summary>
            Compatibility information.
            </summary>
        </member>
        <member name="T:Addons.Api.Models.HealthResponse">
            <summary>
            Health check response model.
            </summary>
        </member>
        <member name="P:Addons.Api.Models.HealthResponse.Status">
            <summary>
            Health status indicator.
            </summary>
        </member>
        <member name="P:Addons.Api.Models.HealthResponse.Timestamp">
            <summary>
            Timestamp of the health check.
            </summary>
        </member>
        <member name="T:Addons.Api.Models.AddonsListRequest">
            <summary>
            Request model for listing addons with pagination and filtering.
            </summary>
        </member>
        <member name="P:Addons.Api.Models.AddonsListRequest.Page">
            <summary>
            Page number (1-based).
            </summary>
        </member>
        <member name="P:Addons.Api.Models.AddonsListRequest.PageSize">
            <summary>
            Number of items per page (max 100).
            </summary>
        </member>
        <member name="P:Addons.Api.Models.AddonsListRequest.SortBy">
            <summary>
            Sort field: "name", "dateAdded", "lastUpdated", "compatibility".
            </summary>
        </member>
        <member name="P:Addons.Api.Models.AddonsListRequest.SortDirection">
            <summary>
            Sort direction: "asc" or "desc".
            </summary>
        </member>
        <member name="P:Addons.Api.Models.AddonsListRequest.Compatibility">
            <summary>
            Filter by compatibility (optional).
            </summary>
        </member>
        <member name="P:Addons.Api.Models.AddonsListRequest.Search">
            <summary>
            Search term for addon name (optional).
            </summary>
        </member>
        <member name="P:Addons.Api.Models.AddonsListRequest.AddedAfter">
            <summary>
            Filter by date added after this date (optional).
            </summary>
        </member>
        <member name="P:Addons.Api.Models.AddonsListRequest.AddedBefore">
            <summary>
            Filter by date added before this date (optional).
            </summary>
        </member>
        <member name="P:Addons.Api.Models.AddonsListRequest.Format">
            <summary>
            Display format: "list" (default) or "table".
            </summary>
        </member>
        <member name="T:Addons.Api.Models.AddonsListResponse">
            <summary>
            Response model for listing addons.
            </summary>
        </member>
        <member name="P:Addons.Api.Models.AddonsListResponse.Addons">
            <summary>
            List of addons for the current page.
            </summary>
        </member>
        <member name="P:Addons.Api.Models.AddonsListResponse.Pagination">
            <summary>
            Pagination information.
            </summary>
        </member>
        <member name="P:Addons.Api.Models.AddonsListResponse.Summary">
            <summary>
            Summary statistics.
            </summary>
        </member>
        <member name="T:Addons.Api.Models.AddonSummary">
            <summary>
            Addon summary for list display.
            </summary>
        </member>
        <member name="P:Addons.Api.Models.AddonSummary.Id">
            <summary>
            MongoDB document identifier.
            </summary>
        </member>
        <member name="P:Addons.Api.Models.AddonSummary.FileName">
            <summary>
            The exact .rar archive filename.
            </summary>
        </member>
        <member name="P:Addons.Api.Models.AddonSummary.Name">
            <summary>
            Full addon title and version.
            </summary>
        </member>
        <member name="P:Addons.Api.Models.AddonSummary.Compatibility">
            <summary>
            Compatibility information.
            </summary>
        </member>
        <member name="P:Addons.Api.Models.AddonSummary.DateAdded">
            <summary>
            Date when the addon was added (UTC).
            </summary>
        </member>
        <member name="P:Addons.Api.Models.AddonSummary.LastUpdated">
            <summary>
            Last updated timestamp (UTC).
            </summary>
        </member>
        <member name="P:Addons.Api.Models.AddonSummary.DaysSinceAdded">
            <summary>
            Days since the addon was added.
            </summary>
        </member>
        <member name="P:Addons.Api.Models.AddonSummary.IsRecent">
            <summary>
            Whether this addon was added recently (within last 7 days).
            </summary>
        </member>
        <member name="T:Addons.Api.Models.PaginationInfo">
            <summary>
            Pagination information.
            </summary>
        </member>
        <member name="P:Addons.Api.Models.PaginationInfo.CurrentPage">
            <summary>
            Current page number.
            </summary>
        </member>
        <member name="P:Addons.Api.Models.PaginationInfo.PageSize">
            <summary>
            Number of items per page.
            </summary>
        </member>
        <member name="P:Addons.Api.Models.PaginationInfo.TotalItems">
            <summary>
            Total number of items.
            </summary>
        </member>
        <member name="P:Addons.Api.Models.PaginationInfo.TotalPages">
            <summary>
            Total number of pages.
            </summary>
        </member>
        <member name="P:Addons.Api.Models.PaginationInfo.HasPrevious">
            <summary>
            Whether there is a previous page.
            </summary>
        </member>
        <member name="P:Addons.Api.Models.PaginationInfo.HasNext">
            <summary>
            Whether there is a next page.
            </summary>
        </member>
        <member name="T:Addons.Api.Models.AddonsSummaryStats">
            <summary>
            Summary statistics for the addon collection.
            </summary>
        </member>
        <member name="P:Addons.Api.Models.AddonsSummaryStats.TotalAddons">
            <summary>
            Total number of addons in the database.
            </summary>
        </member>
        <member name="P:Addons.Api.Models.AddonsSummaryStats.FilteredAddons">
            <summary>
            Number of addons matching current filters.
            </summary>
        </member>
        <member name="P:Addons.Api.Models.AddonsSummaryStats.RecentAddons">
            <summary>
            Number of addons added in the last 7 days.
            </summary>
        </member>
        <member name="P:Addons.Api.Models.AddonsSummaryStats.CompatibilityBreakdown">
            <summary>
            Breakdown by compatibility.
            </summary>
        </member>
        <member name="P:Addons.Api.Models.AddonsSummaryStats.LatestAddedDate">
            <summary>
            Date of the most recently added addon.
            </summary>
        </member>
        <member name="P:Addons.Api.Models.AddonsSummaryStats.OldestAddedDate">
            <summary>
            Date of the oldest addon.
            </summary>
        </member>
        <member name="T:Addons.Api.Models.AddonsTableResponse">
            <summary>
            Table view response for addons listing.
            </summary>
        </member>
        <member name="P:Addons.Api.Models.AddonsTableResponse.Headers">
            <summary>
            Table headers.
            </summary>
        </member>
        <member name="P:Addons.Api.Models.AddonsTableResponse.Rows">
            <summary>
            Table rows with addon data.
            </summary>
        </member>
        <member name="P:Addons.Api.Models.AddonsTableResponse.Pagination">
            <summary>
            Pagination information.
            </summary>
        </member>
        <member name="P:Addons.Api.Models.AddonsTableResponse.Summary">
            <summary>
            Summary statistics.
            </summary>
        </member>
        <member name="T:Addons.Api.Models.AddonTableRow">
            <summary>
            Minimal addon data for table display.
            </summary>
        </member>
        <member name="P:Addons.Api.Models.AddonTableRow.FileName">
            <summary>
            The exact .rar archive filename.
            </summary>
        </member>
        <member name="P:Addons.Api.Models.AddonTableRow.Name">
            <summary>
            Shortened addon name (first 50 characters).
            </summary>
        </member>
        <member name="P:Addons.Api.Models.AddonTableRow.Compatibility">
            <summary>
            Compatibility information.
            </summary>
        </member>
        <member name="P:Addons.Api.Models.AddonTableRow.DateAdded">
            <summary>
            Date when the addon was added (formatted).
            </summary>
        </member>
        <member name="P:Addons.Api.Models.AddonTableRow.DaysAgo">
            <summary>
            Days since the addon was added.
            </summary>
        </member>
        <member name="T:Addons.Api.Services.AddonsListingService">
            <summary>
            Service for listing and filtering addons.
            </summary>
        </member>
        <member name="M:Addons.Api.Services.AddonsListingService.GetAddonsAsync(Addons.Api.Models.AddonsListRequest,System.Threading.CancellationToken)">
            <summary>
            Gets a paginated list of addons with filtering and sorting.
            </summary>
            <param name="request">The request parameters.</param>
            <param name="cancellationToken">Cancellation token.</param>
            <returns>The paginated addon list response or table response based on format.</returns>
        </member>
        <member name="M:Addons.Api.Services.AddonsListingService.GetLatestAddonsAsync(System.Int32,System.Threading.CancellationToken)">
            <summary>
            Gets the latest addons (most recently added).
            </summary>
            <param name="count">Number of latest addons to retrieve.</param>
            <param name="cancellationToken">Cancellation token.</param>
            <returns>List of latest addons.</returns>
        </member>
        <member name="T:Addons.Api.Services.AddonUpdaterService">
            <summary>
            Service responsible for updating addon records in MongoDB.
            </summary>
        </member>
        <member name="M:Addons.Api.Services.AddonUpdaterService.#ctor(Microsoft.Extensions.Logging.ILogger{Addons.Api.Services.AddonUpdaterService})">
            <summary>
            Initializes a new instance of the AddonUpdaterService.
            </summary>
            <param name="logger">The logger instance.</param>
        </member>
        <member name="M:Addons.Api.Services.AddonUpdaterService.UpdateAddonsAsync(System.Collections.Generic.IEnumerable{Addons.Api.Models.Addon})">
            <summary>
            Updates or inserts addon records in the database.
            </summary>
            <param name="addons">The list of addons to update.</param>
            <returns>A summary of the update operation.</returns>
        </member>
        <member name="M:Addons.Api.Services.AddonUpdaterService.GetAddonByFileNameAsync(System.String)">
            <summary>
            Retrieves an addon by its filename.
            </summary>
            <param name="fileName">The exact filename to search for.</param>
            <returns>The addon if found, null otherwise.</returns>
        </member>
        <member name="M:Addons.Api.Services.AddonUpdaterService.GetTotalAddonCountAsync">
            <summary>
            Gets the total count of addons in the database.
            </summary>
            <returns>The total number of addon records.</returns>
        </member>
        <member name="T:Addons.Api.Services.UpdateSummary">
            <summary>
            Summary of an update operation.
            </summary>
        </member>
        <member name="P:Addons.Api.Services.UpdateSummary.NewCount">
            <summary>
            Number of new records inserted.
            </summary>
        </member>
        <member name="P:Addons.Api.Services.UpdateSummary.UpdatedCount">
            <summary>
            Number of existing records updated.
            </summary>
        </member>
        <member name="P:Addons.Api.Services.UpdateSummary.UnchangedCount">
            <summary>
            Number of records that remained unchanged.
            </summary>
        </member>
        <member name="P:Addons.Api.Services.UpdateSummary.FailedCount">
            <summary>
            Number of records that failed to update.
            </summary>
        </member>
        <member name="P:Addons.Api.Services.UpdateSummary.TotalProcessed">
            <summary>
            Total number of records processed.
            </summary>
        </member>
        <member name="T:Addons.Api.Services.MongoDbDockerService">
            <summary>
            Service for managing MongoDB Docker container.
            </summary>
        </member>
        <member name="M:Addons.Api.Services.MongoDbDockerService.EnsureMongoDbRunningAsync">
            <summary>
            Ensures MongoDB is available (either via Docker container or existing instance).
            </summary>
        </member>
        <member name="M:Addons.Api.Services.MongoDbDockerService.IsMongoDbAccessibleAsync">
            <summary>
            Checks if MongoDB is accessible on the default port.
            </summary>
        </member>
        <member name="M:Addons.Api.Services.MongoDbDockerService.IsDockerAvailableAsync">
            <summary>
            Checks if Docker is available on the system.
            </summary>
        </member>
        <member name="M:Addons.Api.Services.MongoDbDockerService.GetContainerStatusAsync">
            <summary>
            Gets the status of the MongoDB container.
            </summary>
        </member>
        <member name="M:Addons.Api.Services.MongoDbDockerService.CreateAndStartContainerAsync">
            <summary>
            Creates and starts the MongoDB container.
            </summary>
        </member>
        <member name="M:Addons.Api.Services.MongoDbDockerService.StartContainerAsync">
            <summary>
            Starts an existing MongoDB container.
            </summary>
        </member>
        <member name="M:Addons.Api.Services.MongoDbDockerService.RunDockerCommandAsync(System.String)">
            <summary>
            Runs a Docker command and returns the result.
            </summary>
        </member>
        <member name="T:Addons.Api.Services.MongoDbInitializationService">
            <summary>
            Service to initialize MongoDB.Entities connection.
            </summary>
        </member>
        <member name="T:Addons.Api.Services.ReportService">
            <summary>
            Service for generating application status and addon reports.
            </summary>
        </member>
        <member name="M:Addons.Api.Services.ReportService.GenerateStatusReportAsync">
            <summary>
            Generates a comprehensive application status and addon check report.
            </summary>
        </member>
        <member name="M:Addons.Api.Services.ReportService.DisplayReportToConsole(Addons.Api.Services.ApplicationStatusReport)">
            <summary>
            Displays the status report to the console with formatting.
            </summary>
        </member>
        <member name="T:Addons.Api.Services.ApplicationStatusReport">
            <summary>
            Application status report model.
            </summary>
        </member>
        <member name="T:Addons.Api.Services.AddonSummaryForReport">
            <summary>
            Addon summary for reports.
            </summary>
        </member>
        <member name="T:Addons.Api.Services.ScraperService">
            <summary>
            Service responsible for scraping addon data from sceneryaddons.org.
            </summary>
        </member>
        <member name="M:Addons.Api.Services.ScraperService.#ctor(System.Net.Http.HttpClient,Microsoft.Extensions.Logging.ILogger{Addons.Api.Services.ScraperService})">
            <summary>
            Initializes a new instance of the ScraperService.
            </summary>
            <param name="httpClient">The HTTP client for making requests.</param>
            <param name="logger">The logger instance.</param>
        </member>
        <member name="M:Addons.Api.Services.ScraperService.ScrapeAddonsAsync">
            <summary>
            Scrapes addon data from the sceneryaddons.org master list.
            </summary>
            <returns>A list of scraped addon records.</returns>
        </member>
        <member name="M:Addons.Api.Services.ScraperService.TryParseDate(System.String,System.DateTime@)">
            <summary>
            Attempts to parse a date string from various formats.
            </summary>
        </member>
        <member name="M:Addons.Api.Services.ScraperService.ExtractFileNameFromUrl(System.String)">
            <summary>
            Extracts the filename from a download URL.
            </summary>
        </member>
        <member name="M:Addons.Api.Services.ScraperService.FindAddonName(System.Collections.Generic.List{HtmlAgilityPack.HtmlNode},System.Int32)">
            <summary>
            Finds the addon name by looking for the title anchor after download links.
            </summary>
        </member>
        <member name="M:Addons.Api.Services.ScraperService.FindCompatibility(System.Collections.Generic.List{HtmlAgilityPack.HtmlNode},System.Int32,System.String)">
            <summary>
            Finds the compatibility information that appears after the addon name.
            </summary>
        </member>
        <member name="M:Addons.Api.Services.ScraperService.IsValidCompatibility(System.String)">
            <summary>
            Validates if the text represents a valid compatibility string.
            </summary>
        </member>
    </members>
</doc>
